{"Unknown":[0.4,0.7142857142857143,0.68,0.7333333333333333,0.8571428571428571,0.8666666666666667,0.8695652173913043,0.7714285714285715,0.6935483870967742,0.5970149253731343,0.5753424657534246,0.5324675324675324,0.5747126436781609,0.525,0.5227272727272727,0.3023255813953488,0.5598591549295775,0.46484375,0.5542857142857143,0.5309090909090909,0.5439814814814815,0.49714285714285716,0.48899188876013905,0.44256756756756754,0.43580683156654887,0.3885839736553238,0.37942477876106195,0.34543454345434543,0.37609649122807015,0.3684210526315789,0.3258785942492013,0.28556263269639065,0.2697576396206533,0.20147679324894516,0.25448785638859556,0.229800629590766,0.21968911917098446,0.2736732570239334,0.2950310559006211,0.3211009174311927,0.2808988764044944,0.2952674897119342,0.2476780185758514,0.2870563674321503,0.2494824016563147,0.24273858921161826,0.29835390946502055,0.28778467908902694,0.3094496365524403,0.30175077239958803,0.29927760577915374,0.3084886128364389,0.33089770354906056,0.28186528497409324,0.29771784232365145,0.3285123966942149,0.4470468431771894,0.40062111801242234,0.3495850622406639,0.3367662203913491,0.3023735810113519,0.39568345323741005,0.355601233299075,0.3997944501541624,0.3929679420889349,0.2950310559006211,0.30927835051546393,0.3247422680412371,0.3944387229660144,0.34196891191709844,0.3766769865841073,0.33539731682146545,0.36918304033092036,0.35523613963039014,0.3192584963954686,0.4193216855087359,0.3470225872689938,0.4204081632653061,0.3786008230452675,0.3683127572016461,0.4224049331963001,0.36344969199178645,0.3788187372708758,0.4093686354378819,0.4177732379979571,0.39508700102354144,0.39734422880490294,0.4061224489795918,0.42973523421588594,0.37448979591836734,0.3896236012207528,0.5010162601626016,0.4024390243902439,0.4170905391658189,0.4263959390862944,0.5156723963599595,0.46808510638297873,0.544904137235116,0.4767206477732793,0.5540950455005056,0.49291497975708504,0.5529767911200807,0.6135216952573158,0.5091277890466531,0.5222222222222223,0.5933400605449042,0.4848178137651822,0.4287158746208291,0.4959514170040486,0.49696969696969695,0.6387487386478304,0.47724974721941354,0.5408678102926338,0.5909090909090909,0.5848484848484848,0.6189516129032258,0.5626262626262626,0.6663306451612904,0.4502032520325203],"Female":[0.2,0,0.08,0,0,0,0.043478260869565216,0.02857142857142857,0.03225806451612903,0.07462686567164178,0.1232876712328767,0.14285714285714285,0.1839080459770115,0.0875,0.11363636363636363,0.11627906976744186,0.11384976525821597,0.12890625,0.10571428571428572,0.10545454545454545,0.10185185185185185,0.10857142857142857,0.10892236384704519,0.13851351351351351,0.13074204946996468,0.14050493962678376,0.12057522123893805,0.14521452145214522,0.1118421052631579,0.13611615245009073,0.14696485623003194,0.15817409766454352,0.12539515279241306,0.16561181434599156,0.13938753959873285,0.15320041972717732,0.1461139896373057,0.13943808532778357,0.12629399585921325,0.109072375127421,0.11031664964249234,0.12345679012345678,0.13415892672858618,0.10960334029227557,0.16666666666666666,0.1524896265560166,0.1388888888888889,0.14492753623188406,0.14641744548286603,0.12976313079299692,0.14035087719298245,0.12008281573498965,0.1315240083507307,0.10673575129533679,0.1338174273858921,0.10433884297520661,0.09164969450101833,0.11180124223602485,0.12240663900414937,0.10813594232749743,0.12280701754385964,0.11613566289825282,0.09969167523124357,0.11408016443987667,0.12616339193381593,0.12318840579710146,0.13917525773195877,0.11443298969072165,0.11946446961894953,0.11295336787564766,0.09803921568627451,0.13415892672858618,0.12099276111685625,0.11806981519507187,0.12770339855818744,0.1366906474820144,0.12422997946611909,0.10510204081632653,0.12345679012345678,0.10699588477366255,0.13463514902363824,0.11909650924024641,0.11812627291242363,0.11303462321792261,0.13687436159346272,0.13817809621289662,0.11235955056179775,0.11734693877551021,0.13747454175152748,0.12755102040816327,0.12919633774160733,0.10569105691056911,0.1209349593495935,0.1536113936927772,0.15431472081218275,0.11324570273003033,0.10840932117527863,0.08879919273461151,0.12449392712550607,0.1243680485338726,0.12651821862348178,0.11806256306760847,0.08476286579212916,0.08924949290060852,0.16161616161616163,0.11503531786074672,0.11538461538461539,0.15369059656218403,0.11437246963562753,0.1393939393939394,0.13420787083753785,0.12740141557128412,0.10191725529767912,0.11616161616161616,0.11818181818181818,0.11895161290322581,0.14242424242424243,0.11391129032258064,0.15548780487804878],"Male":[0.4,0.2857142857142857,0.24,0.26666666666666666,0.14285714285714285,0.13333333333333333,0.08695652173913043,0.2,0.27419354838709675,0.3283582089552239,0.3013698630136986,0.3246753246753247,0.2413793103448276,0.3875,0.36363636363636365,0.5813953488372093,0.32629107981220656,0.40625,0.34,0.36363636363636365,0.3541666666666667,0.3942857142857143,0.4020857473928158,0.4189189189189189,0.4334511189634865,0.47091108671789245,0.5,0.5093509350935094,0.5120614035087719,0.4954627949183303,0.5271565495207667,0.5562632696390658,0.6048472075869337,0.6329113924050633,0.6061246040126715,0.6169989506820567,0.6341968911917099,0.586888657648283,0.5786749482401656,0.5698267074413863,0.6087844739530133,0.581275720164609,0.6181630546955624,0.6033402922755741,0.5838509316770186,0.6047717842323651,0.5627572016460906,0.567287784679089,0.5441329179646937,0.568486096807415,0.5603715170278638,0.5714285714285714,0.5375782881002088,0.6113989637305699,0.5684647302904564,0.5671487603305785,0.46130346232179226,0.48757763975155277,0.5280082987551867,0.5550978372811535,0.5748194014447885,0.4881808838643371,0.5447070914696814,0.48612538540596095,0.4808686659772492,0.5817805383022774,0.5515463917525774,0.5608247422680412,0.486096807415036,0.5450777202072539,0.5252837977296182,0.5304437564499485,0.5098241985522234,0.526694045174538,0.553038105046344,0.44398766700924974,0.528747433264887,0.4744897959183674,0.49794238683127573,0.5246913580246914,0.44295991778006166,0.5174537987679672,0.5030549898167006,0.4775967413441955,0.4453524004085802,0.46673490276356194,0.4902962206332993,0.47653061224489796,0.43279022403258655,0.49795918367346936,0.4811800610376399,0.3932926829268293,0.4766260162601626,0.42929806714140384,0.41928934010152286,0.3710819009100101,0.42350557244174264,0.36629667003027244,0.39878542510121456,0.32153690596562184,0.3805668016194332,0.32896064581231077,0.30171543895055497,0.40162271805273836,0.31616161616161614,0.29162462159434915,0.39979757085020245,0.41759352881698686,0.3896761133603239,0.36363636363636365,0.22704339051463168,0.3953488372093023,0.35721493440968716,0.29292929292929293,0.296969696969697,0.2620967741935484,0.29494949494949496,0.21975806451612903,0.3943089430894309]}